nombre,precio
WHISKY CHIVAS REGAL  750ml ,45.00
AGUA MINERAL IMPERIALTORONJA,1.50
AGUA TÓNICA,2.50
AGUARDIENTE AMARILLO MANZANA,15.00
AGUARDIENTE K-LEÑO  ROSADO,10.50
AGUARDIENTE K-LEÑO AMARILLO,10.50
AGUARDIENTE ZHUMIR COCO,4.50
AGUARDIENTE ZHUMIR CRAMBERRY,4.50
AGUARDIENTE ZHUMIR DURAZNO,4.50
AGUARDIENTE ZHUMIR PINK,9.00
AGUARDIENTE ZHUMIR SECO SUAVE,4.50
COCTEL SAN MIGUEL DAIQUIRI,7.00
COCTEL SAN MIGUEL MOJITO,10.00
CREMA DE WHISKY CHERISH,12.00
CREMA DE WHISKY COLDS 750ML,9.00
CREMAS DE WHISKY MAZERATTO 750ML,7.50
CRISTAL DURAZNO 750ML,5.50
CRISTAL ROJO CLASICO 750ML,10.00
ESPUMANTE GRAND DUVAL CLASICO 750ML,6.75
ESPUMANTE GRAND VANDUSH,7.25
ESPUMANTE PETERLONGO 660ML ( espuma del prado),5.25
ESPUMANTE SANTA VERONA DULCE 750ML,5.75
PALOMA ESPUELA,2.00
PIÑA COLADA BAMBUCA 750ML,7.00
PIÑA COLADA CHERISH,12.00
PIÑA COLADA COLDS 750ML,9.00
PIÑA COLADA SUMMER LOVE 750 ML,7.25
RON ABUELO AÑEJO 750 ml,12.50
RON BACARDI CARTA BLANCA 980 ml,17.50
RON BACARDI CARTA ORO 750 ml,17.50
RON CABALLO VIEJO 750 ml,12.00
RON CARTAVIO BLACK 750 ml,8.50
RON CARTAVIO SILVER (BLANCO) 750 ml,9.50
RON CASTILLO BLANCO 750 ml,9.00
RON CIEN FUEGOS ORO 750 ml,13.00
RON CUBANERO ORO 750 ml,7.00
RON DON CASTELÓ 1 LT,5.00
RON ESTELAR ORO 750ML CON VASO,8.00
RON POM POM 750ML,4.25
RON SAN MIGUEL ORO MAS BOTELLA DE COLA 1L,10.00
RON SAN MIGUEL SILVER 750 ml,9.50
RON VIEJO DE CALDAS 750 ML,14.00
SANGRIA FIESTA BRAVA 1.15 L,5.50
TEQUILA AZTECA BLANCO 750ML,16.00
TEQUILA AZTECA ORO 750ML,16.00
TEQUILA AZTECA SILVER GUITARRA 800ML,18.00
TEQUILA CANIJO ESPRESSO 700ML,19.00
TEQUILA CANIJO SILVER 700ML,19.00
TEQUILA CANIJO SPICY TAMARINDO 700ML,19.00
TEQUILA EL CHARRO GOLD 750ML,18.00
TEQUILA EL CHARRO MARGARITA FRESA,10.00
TEQUILA EL CHARRO MARGARITA LIMON,10.00
TEQUILA EL CHARRO SILVER,18.00
TEQUILA EL SOL GOLD 750ML,23.00
TEQUILA EL SOL SILVER 750ML,23.00
TEQUILA GRAN MALO,23.50
TEQUILA GÜERO,5.00
TEQUILA JOSE CUERVO GOLD 750 ML,55.00
TEQUILA JOSE CUERVO SILVER 750 ML,55.00
TEQUILA KATRINA CANNABIS 750ml,10.00
TEQUILA KATRINA PINK 750ml,10.00
VINO ANTHONY BLANCO 750 ml,7.50
VINO ANTHONY CELEBRATION 750 ml,8.00
VINO ANTHONY FRAMBUESA 750 ml,8.00
VINO ANTHONY FRAMBUESA LATA,1.75
VINO ANTHONY FRESA 750 ml,8.00
VINO ANTHONY FRESA LATA,1.75
VINO ANTHONY MANZANA 750 ml,7.50
VINO ANTHONY MORA 750 ml,8.00
VINO ANTHONY MORA LATA,1.75
VINO ANTHONY MORA LIGHT LATA,1.75
VINO ANTHONY ROSE 750 ml,7.50
VINO ANTHONY SANGRÍA 750 ml ,7.50
VINO ARAUCO TINTO CHILENO 750ML,4.00
VINO BLUE NUN,14.00
VINO BOONES MANZANA 750ML,8.00
VINO BRAVIO CARMENERE 750ML,3.75
VINO CALVET CABERNET SAUVIGNON,8.00
VINO CALVET MERLOT,9.00
VINO CALVET MERLOT CABERNET SAUVIGNON BORDEAUX,13.00
VINO CATADOR 750ML,4.50
VINO CHARLIE MIO BLANCO,7.00
VINO CHARLIE MIO ROSATO,7.00
VINO CHARLIE MIO TINTO,7.00
VINO CIDER FRUTOS ROJOS 750 ML ,7.00
VINO CIDER MANZANA 750 ML ,7.00
VINO CONCHA Y TORO CASILLERO DEL DIABLO ,18.00
VINO CONOSUR BICICLETA CABERNET SAUVIGNON 750ML,10.00
VINO CRUZARES,4.50
VINO FRAILE 750ML,4.00
VINO FRONTERA MERLOT,10.50
VINO GATO NEGRO BLANCO  DULCE 750ML,7.00
VINO GATO NEGRO CABERNET MERLOT 750ML,6.50
VINO GATO NEGRO CABERNET SAUVIGNON 750ML,6.50
VINO GATO NEGRO CARMENERE 750ML,6.50
VINO GATO NEGRO MALBEC 750ML,6.50
VINO GATO NEGRO ROSE DULCE 750ML,7.00
VINO GATO NEGRO TINTO DULCE 750ML,7.00
VINO JAMAICA STRON WOOD,6.00
VINO LA VID,4.50
VINO LAMBRUSCO ROJO ,8.00
VINO LAMBRUSCO ROSATO ANTONIO MACCIERI,11.50
VINO LAMBRUSCO ROSATO CASSETA MARIA 750ml,8.00
VINO LAMBRUSCO TINTO ANTONIO MACCIERI,10.00
VINO LIEBFRAUMILCH PETER METER 750ml,7.00
VINO LIEFRAUMILCH KLAUS LANGHOFF 750ML,7.00
VINO MIRAFLORES,5.00
VINO OPERA LOVE,6.00
VINO OPERA PINK,6.00
VINO PARRA TINTO DULCE 750ML,5.50
VINO RESERVADO CABERNET SAUVIGNON CONCHA Y TORO (ROJO) 750ml,10.00
VINO RESERVADO MALBEC CONCHA Y TORO (ROJO) 750ml,9.00
VINO RESERVADO MERLOT CONCHA Y TORO (ROJO) 750ml,8.00
VINO TINTO BALDORÉ 750ML,4.00
VINO TINTO MARQUES DE PLATA,5.00
VINO TOCORNAL CABERNET SAUVIGNON 750ML,7.00
VINO TOCORNAL MERLOT 750ML,7.00
VINO TOCORNAL RED BLEND 750ML,6.00
VINO VIEJO VIÑEDO TINTO 750ML,4.50
VINO VIÑA MAIPO CABERNET SAUVIGNON 750ML,5.50
VINO VIÑA MAIPO CARMENERE 750ML,5.50
VINO VIÑA MAIPO MERLOT 750ML,5.50
VODKA ROMANOSKY AZUL 750 ml,3.50
VODKA ROMANOSKY ROSA 750 ml,3.50
VODKA RUSO BLUEBERRY,4.50
VODKA RUSO NEUTRO ,4.50
VODKA RUSSOK  NEUTRO 1000ML,5.00
VODKA RUSSOK GUARANÁ 1000ML,5.00
VODKA RUSSOK NARANJILLA 750ML,4.25
VODKA RUSSOK SANDÍA 750ML,4.25
VODKA RUSSOK STRAWBERRY 1000ML,5.00
VODKA SIBERIAN CRAMBERRY 750 ml,7.00
VODKA SIBERIAN GREEN APPLE 750ML,7.00
VODKA SIBERIAN NEUTRO (AZUL) 750 ml,7.50
VODKA SKY 750ML,14.00
VODKA SMIRNOFF SPICY TAMARINDO 700ML,17.00
VODKA SWITCH 1400 ml,3.00
WHISKY ASTILLA DE ROBLE 1000 ML,10.00
WHISKY ASTILLA DE ROBLE 750ML,6.00
WHISKY BALLANTINES 700ml,20.00
WHISKY BLACK AND WHITE ,15.00
WHISKY BLACK AND WHITE CON 2 VASOS,15.00
WHISKY BLACK OWL 750ml,15.00
WHISKY BLACK WILLIAMS 750 ml,13.00
WHISKY BUCHANA DELUXE 750 ML,58.00
WHISKY BUCHANA MASTER 750 ML,68.00
WHISKY BUCHANAS DELUXE LITRO,68.00
WHISKY CARTAGO 1000 ml,6.60
WHISKY CLAN MAGREGOR,10.00
WHISKY GENIO,5.00
WHISKY GLENDGOLD  750ML,5.50
WHISKY GLENDGOLD 1L,7.00
WHISKY GLENDGOLD MANZANA 1 L,7.50
WHISKY GLENDGOLD MANZANA 750ML,6.00
WHISKY GLENDGOLD PIÑA  1 L,7.50
WHISKY GLENDGOLD PIÑA 750ML,6.00
WHISKY GRANTS ANARANJADO 750ml,21.00
WHISKY GRANTS AZUL 750 ml,24.00
WHISKY GRANTS ROJO 750ml,18.50
WHISKY GRANTS VERDE 700 ml,38.50
WHISKY HASHTAG RED 1 LITRO,5.00
WHISKY JACK DANIEL'S OLD N ° 7 750 ml,65.00
WHISKY JACK DANIELS HONEY 750 ml,65.00
WHISKY JAGERMEISTER 700ML,30.00
WHISKY JHONNIE BLACK 750ML,60.00
WHISKY JHONNIE BLACK LITRO,68.00
WHISKY JHONNIE DOBLE BLACK 750ML,68.00
WHISKY JHONNIE DORADO 750 ML,68.00
WHISKY JHONNIE DORADO 750 ML CON COPA,68.00
WHISKY JHONNIE ROJO 1L,34.00
WHISKY JHONNIE ROJO 750ML,27.50
WHISKY JHONNIE SWING 7550ML,68.00
WHISKY JOHN BARR NEGRO 750 ml,15.00
WHISKY JOHN BARR ROJO 750 ml,13.00
WHISKY JOHN MORRIS BLACK 1 L,14.00
WHISKY JOHN MORRIS BLACK 750ML,12.00
WHISKY JOHN MORRIS BLUE 1000 ml,15.00
WHISKY JOHN MORRIS BLUE 750 ml,14.00
WHISKY LABEL 5 1000 ml,16.00
WHISKY LABEL 5 700 ml,13.00
WHISKY MR ALLEN 1L,5.50
WHISKY OLD PARR 12 AÑOS 1 LITRO,66.00
WHISKY OLD PARR 750ML,51.00
WHISKY OLD TIME BLACK 745ML,14.50
WHISKY OLD TIME CANELA ,7.00
WHISKY OLD TIME HONEY,7.00
WHISKY OLD TIME MANZANA,7.00
WHISKY OLD TIME RED 1L,13.00
WHISKY OLD TIME RED 745 ML,11.00
WHISKY OLD TIME VAINILLA,7.00
WHISKY PASSPORT SELECTION,13.00
WHISKY PREMIUM TRIBUTE GUITARRA 800ML,17.00
WHISKY RED WILLIAMS 1 L  CON VASO,11.00
WHISKY RED WILLIAMS 750ML,10.00
WHISKY RED WILLIAMS 750ML CON VASO,10.00
WHISKY ROYAL BLEND 1000 ml,9.50
WHISKY RUM RUMBA 375 ML,2.00
WHISKY SANDY MAC 1L,24.00
WHISKY SANDY MAC 750ML,20.00
WHISKY SOMETHING SPECIAL 1L,24.50
WHISKY SOMETHING SPECIAL 750ML,20.50
WHISKY SPECIAL QUEEN 700ML,5.50
WHISKY SPECIAL QUEEN HONEY 700ML,6.00
WHISKY SPECIAL QUEEN MANZANA 700ML,6.00
WHISKY STRON WOOD,5.00
WHISKY WILLIAM LAWSONS 750 ml,15.00
WHISKY WILLIAMS LAWSON 700ML CON VASO,13.00
WHISKY ZANDER,5.00
VINO TOCORNAL CARMENERE,9
AGUARDIENTE ZHUMIR MANGO,5
AGUARDIENTE ZHUMIR PINK WATERMELON,5
VINO SUMMER LOVE 750ML,6
TEQUILA EL CHARRO AGUIJON 750ML,18
VINO UVITA DE PLATA,4
VINO FRONTERA CABERNET SAUVUGNON,15
VINO LA PARRA 2 LITROS,10
VINO TOCORNAL SAUVIGNON BLANC,0.1
VINO DIABLO,0.1
WHISKY BLACK WILLIAMS 1L CON VASO,0.1
CANIJO ESPRESSO,0.1
GRANTS ROJO LITRO,0.1
ZHUMIR NARANJILLA 700ML,0.1